rank_date,singles_roll_rank,singles_roll_tie,singles_roll_points,singles_race_rank,singles_race_tie,singles_race_points,doubles_roll_rank,doubles_roll_tie,doubles_roll_points,first_rank_year,last_rank_year
10-06-2024,421,False,110,521,False,35,953,False,39,2009,2024
27-05-2024,426,False,110,500,False,35,958,False,39,2009,2024
20-05-2024,427,False,110,484,False,35,952,False,39,2009,2024
06-05-2024,382,False,130,450,False,35,953,False,39,2009,2024
22-04-2024,371,False,135,425,False,35,955,False,39,2009,2024
15-04-2024,361,False,140,417,False,35,962,False,39,2009,2024
08-04-2024,360,False,140,400,False,35,959,False,39,2009,2024
01-04-2024,346,False,147,389,False,34,993,False,36,2009,2024
18-03-2024,339,False,154,338,False,33,1037,False,33,2009,2024
04-03-2024,325,False,163,321,False,33,1036,False,33,2009,2024
26-02-2024,328,False,163,311,False,31,1024,False,33,2009,2024
19-02-2024,334,False,151,403,False,17,1022,False,33,2009,2024
12-02-2024,291,False,195,426,False,14,1017,False,33,2009,2024
05-02-2024,287,False,197,401,False,14,1023,False,33,2009,2024
29-01-2024,285,False,197,372,False,14,735,False,63,2009,2024
15-01-2024,289,False,197,299,False,12,724,False,63,2009,2024
08-01-2024,289,False,193,392,True,6,1017,False,33,2009,2024
01-01-2024,288,False,193,307,False,6,1013,False,33,2009,2024
25-12-2023,288,False,193,301,False,6,1013,False,33,2009,2024
18-12-2023,288,False,193,291,True,6,1014,False,33,2009,2024
11-12-2023,288,False,193,284,False,6,1009,False,33,2009,2024
04-12-2023,289,False,191,426,True,2,1008,False,33,2009,2024
27-11-2023,287,False,191,341,True,2,1002,False,33,2009,2024
20-11-2023,287,False,194,0,False,0,1004,False,33,2009,2024
13-11-2023,286,False,194,289,False,194,1001,False,33,2009,2024
06-11-2023,291,False,194,284,False,194,1007,False,33,2009,2024
30-10-2023,290,False,194,287,False,192,1006,False,33,2009,2024
23-10-2023,295,False,191,285,False,191,1008,False,33,2009,2024
16-10-2023,324,False,166,305,False,166,1060,False,30,2009,2024
02-10-2023,279,False,205,298,False,164,728,False,60,2009,2024
25-09-2023,280,False,203,297,False,162,732,False,60,2009,2024
18-09-2023,282,False,203,289,False,162,738,False,60,2009,2024
11-09-2023,284,False,203,286,False,162,742,False,60,2009,2024
28-08-2023,283,False,201,278,False,160,746,False,60,2009,2024
21-08-2023,283,False,201,273,False,160,742,False,60,2009,2024
14-08-2023,283,False,201,269,False,160,736,False,60,2009,2024
07-08-2023,282,False,201,266,False,160,741,False,60,2009,2024
31-07-2023,280,False,201,254,False,160,734,False,60,2009,2024
24-07-2023,274,False,201,245,False,160,729,False,60,2009,2024
17-07-2023,258,False,221,236,False,160,726,False,60,2009,2024
03-07-2023,261,False,219,222,False,158,714,False,60,2009,2024
26-06-2023,265,False,212,223,False,151,705,False,60,2009,2024
19-06-2023,269,False,201,223,False,140,705,False,60,2009,2024
12-06-2023,288,False,181,248,False,120,708,False,60,2009,2024
29-05-2023,268,False,200,232,False,120,723,True,60,2009,2024
22-05-2023,264,False,200,225,False,120,716,True,60,2009,2024
08-05-2023,286,False,181,240,False,99,717,True,60,2009,2024
24-04-2023,284,False,183,238,False,92,719,False,60,2009,2024
17-04-2023,297,False,176,243,False,85,722,False,60,2009,2024
10-04-2023,295,False,176,233,False,85,721,False,60,2009,2024
03-04-2023,312,False,167,238,False,76,722,False,60,2009,2024
20-03-2023,324,False,158,218,False,67,725,False,60,2009,2024
06-03-2023,342,False,147,228,False,56,714,False,60,2009,2024
27-02-2023,312,False,163,206,False,56,705,False,60,2009,2024
20-02-2023,305,False,170,189,False,56,705,False,60,2009,2024
13-02-2023,380,False,123,552,True,9,701,False,60,2009,2024
06-02-2023,388,False,119,638,True,5,697,False,60,2009,2024
30-01-2023,388,False,119,601,True,5,984,False,30,2009,2024
16-01-2023,342,False,145,501,True,5,985,False,30,2009,2024
09-01-2023,335,False,145,473,True,5,984,False,30,2009,2024
02-01-2023,294,False,175,386,True,5,995,False,30,2009,2024
26-12-2022,294,False,175,377,True,5,996,False,30,2009,2024
19-12-2022,294,False,175,368,True,5,994,False,30,2009,2024
12-12-2022,296,False,175,358,True,5,994,False,30,2009,2024
05-12-2022,300,False,175,340,True,5,998,False,30,2009,2024
28-11-2022,294,False,175,291,True,5,999,False,30,2009,2024
21-11-2022,302,False,170,0,False,0,999,False,30,2009,2024
14-11-2022,302,False,170,0,False,0,997,True,30,2009,2024
07-11-2022,301,False,170,301,False,170,997,True,30,2009,2024
31-10-2022,295,False,170,289,False,170,995,True,30,2009,2024
24-10-2022,295,False,170,286,False,170,576,False,85,2009,2024
17-10-2022,290,False,170,283,False,170,573,False,85,2009,2024
10-10-2022,271,False,186,315,False,145,575,False,85,2009,2024
03-10-2022,285,False,170,329,False,129,729,False,55,2009,2024
26-09-2022,271,False,182,322,False,129,729,False,55,2009,2024
19-09-2022,270,False,182,319,False,129,728,False,55,2009,2024
12-09-2022,261,False,189,316,False,129,720,False,55,2009,2024
29-08-2022,252,False,199,308,False,129,714,False,55,2009,2024
22-08-2022,251,False,199,295,False,129,702,False,55,2009,2024
15-08-2022,249,False,199,290,False,129,698,False,55,2009,2024
08-08-2022,242,False,207,280,False,129,697,False,55,2009,2024
01-08-2022,244,False,207,273,False,129,698,False,55,2009,2024
25-07-2022,240,False,207,259,False,129,695,False,55,2009,2024
18-07-2022,263,False,187,290,False,109,694,False,55,2009,2024
11-07-2022,229,False,238,279,False,109,700,False,55,2009,2024
27-06-2022,198,False,285,265,False,109,562,False,84,2009,2024
20-06-2022,200,False,285,260,False,109,556,False,84,2009,2024
13-06-2022,205,False,285,253,False,109,558,False,84,2009,2024
06-06-2022,206,False,290,268,False,98,569,False,84,2009,2024
23-05-2022,204,False,282,264,False,90,556,False,84,2009,2024
16-05-2022,207,False,282,249,False,90,555,False,84,2009,2024
09-05-2022,191,False,303,240,False,88,547,False,84,2009,2024
02-05-2022,192,False,302,250,False,79,547,False,84,2009,2024
25-04-2022,190,False,308,239,False,79,556,False,84,2009,2024
18-04-2022,188,False,308,234,False,79,553,False,84,2009,2024
11-04-2022,166,False,378,187,False,79,559,False,84,2009,2024
04-04-2022,158,False,386,175,False,79,555,False,84,2009,2024
21-03-2022,156,False,392,145,False,79,541,False,84,2009,2024
07-03-2022,151,False,408,124,False,79,483,False,107,2009,2024
28-02-2022,156,False,402,138,False,63,388,False,152,2009,2024
21-02-2022,153,False,415,135,False,56,393,False,152,2009,2024
14-02-2022,150,False,452,118,False,56,184,False,497,2009,2024
07-02-2022,151,False,452,98,False,56,184,False,497,2009,2024
31-01-2022,145,False,476,80,False,56,186,False,497,2009,2024
17-01-2022,146,False,458,70,True,30,186,False,497,2009,2024
10-01-2022,150,False,458,49,True,30,170,False,587,2009,2024
03-01-2022,157,False,436,0,False,0,170,False,587,2009,2024
27-12-2021,157,False,436,171,False,272,170,False,587,2009,2024
20-12-2021,157,False,436,171,False,272,170,False,587,2009,2024
13-12-2021,157,False,436,170,False,272,169,False,587,2009,2024
06-12-2021,157,False,436,169,False,272,168,False,587,2009,2024
29-11-2021,157,False,436,169,False,272,168,False,587,2009,2024
22-11-2021,157,False,436,166,True,272,167,False,587,2009,2024
15-11-2021,155,False,436,163,True,272,167,False,587,2009,2024
08-11-2021,144,False,473,161,False,272,170,False,587,2009,2024
01-11-2021,139,False,492,159,False,272,170,False,587,2009,2024
25-10-2021,142,False,492,156,False,272,179,False,532,2009,2024
18-10-2021,135,False,514,156,False,272,180,False,532,2009,2024
04-10-2021,135,False,548,171,False,231,181,False,532,2009,2024
27-09-2021,128,False,616,173,False,219,175,False,532,2009,2024
20-09-2021,124,False,624,168,False,219,175,False,532,2009,2024
13-09-2021,125,False,634,168,False,212,176,False,532,2009,2024
30-08-2021,113,False,735,161,True,202,185,False,532,2009,2024
23-08-2021,113,False,735,159,False,202,185,False,532,2009,2024
16-08-2021,113,False,752,158,False,202,189,False,532,2009,2024
09-08-2021,113,False,752,159,False,194,190,False,532,2009,2024
02-08-2021,111,False,752,157,False,194,188,False,532,2009,2024
26-07-2021,109,False,752,154,False,194,188,False,532,2009,2024
19-07-2021,109,False,752,148,True,194,183,False,532,2009,2024
12-07-2021,96,False,803,140,True,194,184,False,532,2009,2024
28-06-2021,96,False,809,145,True,155,184,False,503,2009,2024
21-06-2021,97,False,809,143,True,155,182,False,503,2009,2024
14-06-2021,97,False,809,138,True,155,183,False,503,2009,2024
31-05-2021,82,False,906,119,True,145,188,False,503,2009,2024
24-05-2021,81,False,906,113,True,145,188,False,503,2009,2024
17-05-2021,81,False,906,107,True,145,188,False,503,2009,2024
10-05-2021,81,False,928,102,True,145,188,False,503,2009,2024
03-05-2021,80,False,928,99,True,145,191,False,503,2009,2024
26-04-2021,81,False,928,94,False,145,190,False,503,2009,2024
19-04-2021,81,False,928,89,False,145,189,False,503,2009,2024
12-04-2021,89,False,876,153,False,75,189,False,503,2009,2024
05-04-2021,87,False,876,145,False,75,188,False,503,2009,2024
22-03-2021,85,False,876,142,False,65,188,False,503,2009,2024
15-03-2021,84,False,876,130,False,65,187,False,503,2009,2024
08-03-2021,79,False,898,113,True,65,180,False,525,2009,2024
01-03-2021,79,False,898,99,True,65,180,False,525,2009,2024
22-02-2021,77,False,898,83,True,65,178,False,525,2009,2024
08-02-2021,78,False,863,98,True,20,177,False,525,2009,2024
01-02-2021,76,False,858,0,False,0,168,False,525,2009,2024
25-01-2021,76,False,858,0,False,0,167,False,525,2009,2024
18-01-2021,76,False,858,0,False,0,166,False,525,2009,2024
11-01-2021,76,False,858,0,False,0,190,False,435,2009,2024
04-01-2021,76,False,858,0,False,416,190,False,435,2009,2024
28-12-2020,76,False,843,0,False,0,190,False,435,2009,2024
21-12-2020,76,False,843,0,False,0,190,False,435,2009,2024
14-12-2020,76,False,843,0,False,0,190,False,435,2009,2024
07-12-2020,76,False,843,0,False,0,190,False,435,2009,2024
30-11-2020,76,False,843,0,False,0,190,False,435,2009,2024
23-11-2020,76,False,843,0,False,0,190,False,435,2009,2024
16-11-2020,76,False,843,0,False,0,189,False,435,2009,2024
09-11-2020,82,False,813,0,False,0,189,False,435,2009,2024
02-11-2020,81,False,802,0,False,0,183,False,435,2009,2024
26-10-2020,79,False,802,0,False,0,182,False,435,2009,2024
19-10-2020,79,False,802,0,False,0,180,False,435,2009,2024
12-10-2020,77,False,802,0,False,0,179,False,435,2009,2024
28-09-2020,85,False,742,0,False,0,173,False,435,2009,2024
21-09-2020,84,False,736,0,False,0,173,False,435,2009,2024
14-09-2020,87,False,703,0,False,0,173,False,435,2009,2024
31-08-2020,100,False,623,0,False,0,170,False,435,2009,2024
24-08-2020,99,False,597,0,False,0,167,False,435,2009,2024
16-03-2020,100,False,597,147,False,82,167,False,435,2009,2024
09-03-2020,100,False,597,147,False,82,167,False,435,2009,2024
02-03-2020,100,False,595,153,False,72,180,False,390,2009,2024
24-02-2020,100,False,600,180,False,52,182,False,390,2009,2024
17-02-2020,97,False,600,157,False,52,712,False,45,2009,2024
10-02-2020,99,False,600,138,False,52,707,True,45,2009,2024
03-02-2020,98,False,588,176,False,32,704,False,45,2009,2024
20-01-2020,95,False,586,147,False,22,714,False,45,2009,2024
13-01-2020,94,False,586,162,False,16,711,False,45,2009,2024
06-01-2020,93,False,586,91,True,16,705,False,45,2009,2024
30-12-2019,96,False,586,91,True,16,575,False,62,2009,2024
23-12-2019,96,False,586,90,True,16,574,False,62,2009,2024
16-12-2019,96,False,586,82,True,16,573,False,62,2009,2024
09-12-2019,96,False,586,78,True,16,573,False,62,2009,2024
02-12-2019,96,False,586,73,True,16,575,False,62,2009,2024
25-11-2019,96,False,586,68,True,16,574,False,62,2009,2024
18-11-2019,96,False,586,56,True,16,572,False,62,2009,2024
11-11-2019,98,False,586,44,True,9,575,False,62,2009,2024
04-11-2019,97,False,585,97,False,585,577,False,62,2009,2024
28-10-2019,96,False,585,96,False,577,569,False,62,2009,2024
21-10-2019,100,False,556,93,False,556,573,False,62,2009,2024
14-10-2019,95,False,582,91,False,556,575,False,62,2009,2024
07-10-2019,98,False,582,92,False,548,573,False,62,2009,2024
30-09-2019,110,False,502,103,False,476,375,False,117,2009,2024
23-09-2019,112,False,502,99,False,476,374,False,117,2009,2024
16-09-2019,114,False,489,105,False,456,372,False,117,2009,2024
09-09-2019,120,False,456,108,False,423,369,False,117,2009,2024
26-08-2019,102,False,528,105,False,415,293,False,171,2009,2024
19-08-2019,102,False,528,103,False,415,292,False,171,2009,2024
12-08-2019,105,False,528,100,False,415,290,False,171,2009,2024
05-08-2019,103,False,543,97,False,415,292,False,171,2009,2024
29-07-2019,104,False,543,94,False,415,265,False,171,2009,2024
22-07-2019,104,False,543,90,False,415,264,False,171,2009,2024
15-07-2019,125,False,441,113,False,313,267,False,171,2009,2024
01-07-2019,123,False,458,113,False,278,251,False,200,2009,2024
24-06-2019,125,False,458,111,False,278,253,False,200,2009,2024
17-06-2019,124,False,458,104,False,278,250,False,200,2009,2024
10-06-2019,122,False,456,104,False,266,253,False,200,2009,2024
27-05-2019,147,False,388,160,False,151,251,False,200,2009,2024
20-05-2019,148,False,388,158,False,151,251,False,200,2009,2024
13-05-2019,148,False,388,150,False,151,252,False,200,2009,2024
06-05-2019,152,False,380,152,False,136,250,False,200,2009,2024
29-04-2019,152,False,368,162,False,124,252,False,200,2009,2024
22-04-2019,148,False,368,153,False,124,253,False,200,2009,2024
15-04-2019,150,False,368,148,False,124,253,False,200,2009,2024
08-04-2019,154,False,353,151,False,109,253,False,200,2009,2024
01-04-2019,159,False,338,159,False,94,254,False,200,2009,2024
18-03-2019,157,False,345,145,False,94,258,False,200,2009,2024
11-03-2019,168,False,316,228,False,41,286,False,155,2009,2024
04-03-2019,168,False,316,228,False,41,286,False,155,2009,2024
25-02-2019,178,False,291,303,False,16,286,False,155,2009,2024
18-02-2019,172,False,308,289,False,16,285,False,155,2009,2024
11-02-2019,173,False,308,274,False,16,287,False,155,2009,2024
04-02-2019,169,False,314,255,False,16,289,False,155,2009,2024
28-01-2019,169,False,314,237,True,16,288,False,155,2009,2024
14-01-2019,156,False,341,224,True,8,291,False,155,2009,2024
07-01-2019,156,False,341,176,True,8,292,False,155,2009,2024
31-12-2018,158,False,333,0,False,0,291,False,155,2009,2024
24-12-2018,158,False,333,0,False,0,291,False,155,2009,2024
17-12-2018,162,False,332,0,False,0,370,False,155,2009,2024
10-12-2018,163,False,332,0,False,0,370,False,155,2009,2024
03-12-2018,163,False,332,0,False,0,368,False,155,2009,2024
26-11-2018,163,False,332,0,False,0,371,False,155,2009,2024
19-11-2018,165,False,332,0,False,0,372,False,155,2009,2024
12-11-2018,166,False,332,0,False,0,369,False,155,2009,2024
05-11-2018,166,False,332,166,False,332,369,False,155,2009,2024
29-10-2018,165,False,332,163,False,332,368,False,155,2009,2024
22-10-2018,163,False,341,159,False,332,364,False,155,2009,2024
15-10-2018,167,False,330,169,False,306,367,False,155,2009,2024
08-10-2018,164,False,337,164,False,306,336,False,170,2009,2024
01-10-2018,164,False,337,162,False,306,427,False,115,2009,2024
24-09-2018,169,False,337,159,False,306,378,False,144,2009,2024
17-09-2018,168,False,337,161,False,300,380,False,144,2009,2024
10-09-2018,167,False,337,158,False,300,339,False,169,2009,2024
27-08-2018,218,False,257,200,False,220,385,False,140,2009,2024
20-08-2018,219,False,257,199,False,220,387,False,140,2009,2024
13-08-2018,222,False,257,191,False,220,385,False,140,2009,2024
06-08-2018,237,False,242,197,False,205,388,False,140,2009,2024
30-07-2018,185,False,307,191,False,205,387,False,140,2009,2024
23-07-2018,187,False,307,183,False,205,390,False,140,2009,2024
16-07-2018,185,False,307,176,False,205,392,False,140,2009,2024
02-07-2018,191,False,299,210,False,153,305,False,206,2009,2024
25-06-2018,195,False,299,208,False,153,309,False,206,2009,2024
18-06-2018,191,False,305,199,False,153,308,False,206,2009,2024
11-06-2018,204,False,295,197,False,143,303,False,206,2009,2024
28-05-2018,228,False,255,267,False,89,300,False,206,2009,2024
21-05-2018,228,False,255,264,False,89,297,False,206,2009,2024
14-05-2018,229,False,255,253,False,89,295,False,206,2009,2024
07-05-2018,228,False,255,240,False,89,298,False,206,2009,2024
30-04-2018,218,False,267,220,False,89,293,False,206,2009,2024
23-04-2018,196,False,294,203,False,89,290,False,206,2009,2024
16-04-2018,195,False,294,189,False,89,293,False,206,2009,2024
09-04-2018,181,False,315,179,False,89,293,False,206,2009,2024
02-04-2018,180,False,315,177,False,89,293,False,206,2009,2024
19-03-2018,177,False,318,168,False,82,279,False,212,2009,2024
05-03-2018,185,False,301,197,False,58,280,False,212,2009,2024
26-02-2018,182,False,301,175,False,58,278,False,212,2009,2024
19-02-2018,189,False,285,222,True,41,278,False,212,2009,2024
12-02-2018,188,False,291,200,True,41,277,False,212,2009,2024
05-02-2018,185,False,286,201,False,35,260,False,229,2009,2024
29-01-2018,185,False,286,191,False,35,259,False,229,2009,2024
15-01-2018,210,False,254,0,False,0,265,False,229,2009,2024
08-01-2018,209,False,254,0,False,0,265,False,229,2009,2024
01-01-2018,204,False,254,0,False,0,276,False,212,2009,2024
25-12-2017,204,False,254,0,False,0,276,False,212,2009,2024
18-12-2017,205,False,254,0,False,0,277,False,212,2009,2024
11-12-2017,205,False,254,0,False,0,279,False,212,2009,2024
04-12-2017,204,False,254,0,False,0,278,False,212,2009,2024
27-11-2017,204,False,254,0,False,0,278,False,212,2009,2024
20-11-2017,206,False,254,0,False,0,279,False,212,2009,2024
13-11-2017,184,False,286,0,False,0,279,False,212,2009,2024
06-11-2017,170,False,309,170,False,309,260,False,235,2009,2024
30-10-2017,171,False,309,169,False,303,265,False,235,2009,2024
23-10-2017,173,False,303,165,False,300,261,False,235,2009,2024
16-10-2017,174,False,301,170,False,288,263,False,235,2009,2024
09-10-2017,180,False,295,168,False,281,282,False,220,2009,2024
02-10-2017,178,False,307,166,False,281,288,False,220,2009,2024
25-09-2017,176,False,314,167,False,276,311,False,191,2009,2024
18-09-2017,175,False,314,164,False,276,313,False,191,2009,2024
11-09-2017,167,False,336,163,False,276,357,False,166,2009,2024
28-08-2017,170,False,336,155,False,275,402,False,141,2009,2024
21-08-2017,170,False,336,155,False,275,403,False,141,2009,2024
14-08-2017,171,False,336,154,False,272,405,False,141,2009,2024
07-08-2017,156,False,368,154,False,266,407,False,141,2009,2024
31-07-2017,177,False,309,179,False,207,403,False,141,2009,2024
24-07-2017,176,False,309,171,False,207,405,False,141,2009,2024
17-07-2017,176,False,309,163,False,207,404,False,141,2009,2024
10-07-2017,200,False,278,177,False,166,529,False,101,2009,2024
03-07-2017,200,False,278,177,False,166,529,False,101,2009,2024
26-06-2017,198,False,278,173,False,166,517,False,101,2009,2024
19-06-2017,197,False,275,167,False,161,517,False,101,2009,2024
12-06-2017,198,False,275,162,False,161,453,False,118,2009,2024
29-05-2017,199,False,272,164,False,148,472,False,118,2009,2024
22-05-2017,196,False,272,159,False,148,467,False,118,2009,2024
15-05-2017,198,False,272,151,False,147,467,False,118,2009,2024
08-05-2017,196,False,271,145,False,146,468,False,118,2009,2024
01-05-2017,206,False,260,151,False,135,465,False,118,2009,2024
24-04-2017,218,False,239,172,False,109,471,False,118,2009,2024
17-04-2017,218,False,239,163,False,109,465,False,118,2009,2024
10-04-2017,239,False,213,196,False,82,470,False,118,2009,2024
03-04-2017,227,False,229,199,False,81,471,False,118,2009,2024
20-03-2017,237,False,218,195,False,70,483,False,112,2009,2024
06-03-2017,237,False,218,177,False,70,478,False,112,2009,2024
27-02-2017,235,False,218,166,False,70,478,False,112,2009,2024
20-02-2017,235,False,218,143,False,70,484,False,112,2009,2024
13-02-2017,249,False,211,142,False,63,487,False,112,2009,2024
06-02-2017,246,False,211,115,False,63,481,False,112,2009,2024
30-01-2017,247,False,211,106,False,63,481,False,112,2009,2024
16-01-2017,250,False,208,65,False,60,485,False,112,2009,2024
09-01-2017,249,False,208,50,False,60,485,False,112,2009,2024
02-01-2017,253,False,208,27,False,60,484,False,112,2009,2024
26-12-2016,253,False,208,26,False,60,483,False,112,2009,2024
19-12-2016,256,False,208,24,False,60,482,False,112,2009,2024
12-12-2016,255,False,208,24,False,60,482,False,112,2009,2024
05-12-2016,255,False,208,24,False,60,481,False,112,2009,2024
28-11-2016,254,False,208,23,False,60,484,False,112,2009,2024
21-11-2016,253,False,208,15,False,60,484,False,112,2009,2024
14-11-2016,274,False,183,26,False,27,484,False,112,2009,2024
07-11-2016,294,False,164,294,False,164,582,False,89,2009,2024
31-10-2016,295,False,164,288,True,164,582,False,89,2009,2024
24-10-2016,295,False,164,284,True,164,576,False,89,2009,2024
17-10-2016,314,False,151,300,True,151,583,False,89,2009,2024
10-10-2016,315,False,151,290,True,151,583,False,89,2009,2024
03-10-2016,326,False,145,303,True,138,515,False,104,2009,2024
26-09-2016,350,False,132,321,True,125,515,False,104,2009,2024
19-09-2016,351,False,132,312,False,125,517,False,104,2009,2024
12-09-2016,401,False,107,356,True,100,524,False,104,2009,2024
29-08-2016,355,False,132,335,True,100,408,False,149,2009,2024
22-08-2016,316,False,153,332,True,100,371,False,166,2009,2024
15-08-2016,313,False,153,327,True,100,372,False,166,2009,2024
08-08-2016,330,False,142,431,True,62,373,False,166,2009,2024
01-08-2016,332,False,142,426,True,62,374,False,166,2009,2024
25-07-2016,286,False,171,417,True,62,370,False,166,2009,2024
18-07-2016,267,False,188,407,True,62,343,False,183,2009,2024
11-07-2016,239,False,220,426,True,54,323,False,201,2009,2024
27-06-2016,244,False,215,418,True,49,404,False,146,2009,2024
20-06-2016,243,False,215,412,True,49,406,False,146,2009,2024
13-06-2016,244,False,215,403,True,49,452,False,129,2009,2024
06-06-2016,253,False,205,445,True,39,453,False,129,2009,2024
23-05-2016,256,False,206,416,True,39,365,False,177,2009,2024
16-05-2016,254,False,206,404,True,39,361,False,177,2009,2024
09-05-2016,251,False,206,389,True,39,359,False,177,2009,2024
02-05-2016,250,False,206,381,True,39,362,False,177,2009,2024
25-04-2016,259,False,200,405,True,33,365,False,177,2009,2024
18-04-2016,240,False,215,390,True,33,363,False,177,2009,2024
11-04-2016,242,False,215,381,True,33,367,False,177,2009,2024
04-04-2016,260,False,198,523,True,16,368,False,177,2009,2024
21-03-2016,252,False,209,489,True,16,374,False,177,2009,2024
07-03-2016,252,False,210,444,True,16,367,False,177,2009,2024
29-02-2016,252,False,211,431,True,16,367,False,177,2009,2024
22-02-2016,252,False,211,416,True,16,375,False,177,2009,2024
15-02-2016,258,False,211,392,True,16,383,False,177,2009,2024
08-02-2016,259,False,211,372,True,16,406,False,160,2009,2024
01-02-2016,252,False,217,337,True,16,407,False,160,2009,2024
18-01-2016,233,False,228,269,True,16,408,False,160,2009,2024
11-01-2016,230,False,228,231,True,16,406,False,160,2009,2024
04-01-2016,227,False,228,171,True,16,407,False,160,2009,2024
28-12-2015,227,False,228,173,True,16,407,False,160,2009,2024
21-12-2015,228,False,228,166,True,16,406,False,160,2009,2024
14-12-2015,227,False,228,153,True,16,406,False,160,2009,2024
07-12-2015,227,False,228,137,True,16,406,False,160,2009,2024
30-11-2015,226,False,228,122,True,16,404,False,160,2009,2024
23-11-2015,227,False,228,95,True,16,402,False,160,2009,2024
16-11-2015,230,False,221,102,True,8,408,False,160,2009,2024
09-11-2015,229,False,221,233,False,213,410,False,160,2009,2024
02-11-2015,229,False,222,227,False,213,409,False,160,2009,2024
26-10-2015,209,False,239,221,False,213,392,False,170,2009,2024
19-10-2015,208,False,239,216,False,213,346,False,188,2009,2024
12-10-2015,208,False,239,212,False,212,346,False,188,2009,2024
05-10-2015,217,False,233,214,False,206,374,False,173,2009,2024
28-09-2015,213,False,233,206,True,206,370,False,173,2009,2024
21-09-2015,213,False,233,199,True,206,373,False,173,2009,2024
14-09-2015,206,False,242,194,False,206,377,False,173,2009,2024
31-08-2015,218,False,223,204,True,181,448,False,138,2009,2024
24-08-2015,237,False,204,226,False,160,478,False,121,2009,2024
17-08-2015,237,False,204,218,True,160,462,False,131,2009,2024
10-08-2015,265,False,178,248,True,133,458,False,131,2009,2024
03-08-2015,269,False,178,244,True,133,456,False,131,2009,2024
27-07-2015,312,False,150,295,True,104,460,False,131,2009,2024
20-07-2015,336,False,134,320,True,87,490,False,114,2009,2024
13-07-2015,391,False,109,473,True,47,548,False,96,2009,2024
29-06-2015,394,False,112,445,True,47,568,False,96,2009,2024
22-06-2015,388,False,112,436,True,47,558,False,96,2009,2024
15-06-2015,386,False,112,419,True,47,563,False,96,2009,2024
08-06-2015,386,False,112,409,True,47,570,False,96,2009,2024
25-05-2015,393,False,112,383,True,46,806,False,48,2009,2024
18-05-2015,392,False,112,370,True,46,809,False,48,2009,2024
11-05-2015,394,False,112,357,True,46,805,False,48,2009,2024
04-05-2015,380,False,116,341,True,46,804,False,48,2009,2024
27-04-2015,380,False,116,316,True,46,806,False,48,2009,2024
20-04-2015,413,False,102,377,True,31,802,False,48,2009,2024
13-04-2015,413,False,102,367,True,31,798,False,48,2009,2024
06-04-2015,414,False,102,347,True,31,798,False,48,2009,2024
23-03-2015,424,False,99,402,True,20,686,False,66,2009,2024
09-03-2015,425,False,99,379,True,19,603,False,84,2009,2024
02-03-2015,418,False,99,374,True,18,598,False,84,2009,2024
23-02-2015,421,False,99,342,True,18,596,False,84,2009,2024
16-02-2015,418,False,99,321,True,18,599,False,84,2009,2024
09-02-2015,419,False,99,292,True,18,598,False,84,2009,2024
02-02-2015,435,False,94,334,True,12,600,False,84,2009,2024
19-01-2015,457,False,83,0,False,0,597,False,84,2009,2024
12-01-2015,454,False,83,0,False,0,597,False,84,2009,2024
05-01-2015,454,False,83,0,False,0,592,False,84,2009,2024
29-12-2014,455,False,83,0,False,0,596,False,84,2009,2024
22-12-2014,452,False,83,0,False,0,594,False,84,2009,2024
15-12-2014,451,False,83,0,False,0,597,False,84,2009,2024
08-12-2014,452,False,83,0,False,0,598,False,84,2009,2024
01-12-2014,452,False,83,0,False,0,600,False,84,2009,2024
24-11-2014,434,False,93,0,False,0,602,False,84,2009,2024
17-11-2014,416,False,98,416,False,98,595,False,84,2009,2024
10-11-2014,437,False,91,436,True,91,592,False,84,2009,2024
03-11-2014,439,False,89,435,True,89,589,False,84,2009,2024
27-10-2014,501,False,71,486,True,71,631,False,74,2009,2024
20-10-2014,478,False,77,483,True,71,730,False,56,2009,2024
13-10-2014,482,False,77,475,True,71,740,False,56,2009,2024
06-10-2014,484,False,77,470,True,71,746,False,56,2009,2024
29-09-2014,480,False,77,466,True,71,749,False,56,2009,2024
22-09-2014,489,False,76,466,True,70,749,False,56,2009,2024
15-09-2014,525,False,66,495,True,60,751,False,56,2009,2024
08-09-2014,522,False,66,482,True,60,751,False,56,2009,2024
25-08-2014,554,False,59,487,True,53,824,False,46,2009,2024
18-08-2014,552,False,59,478,True,53,899,False,36,2009,2024
11-08-2014,500,False,72,465,True,53,912,False,36,2009,2024
04-08-2014,495,False,73,460,True,53,914,False,36,2009,2024
28-07-2014,468,False,82,451,True,52,916,False,36,2009,2024
21-07-2014,469,False,82,442,True,52,915,False,36,2009,2024
14-07-2014,468,False,82,514,True,37,919,False,36,2009,2024
07-07-2014,476,False,78,524,True,33,907,False,36,2009,2024
23-06-2014,473,False,80,494,True,33,810,False,46,2009,2024
16-06-2014,397,False,107,485,True,33,805,False,46,2009,2024
09-06-2014,397,False,107,468,True,33,800,False,46,2009,2024
26-05-2014,377,False,116,440,True,33,802,False,46,2009,2024
19-05-2014,361,False,122,423,True,33,803,False,46,2009,2024
12-05-2014,342,False,131,413,True,33,797,False,46,2009,2024
05-05-2014,354,False,127,425,True,28,800,False,46,2009,2024
28-04-2014,349,False,127,409,True,28,798,False,46,2009,2024
21-04-2014,349,False,127,402,True,27,697,False,64,2009,2024
14-04-2014,346,False,127,389,True,27,701,False,64,2009,2024
07-04-2014,345,False,127,372,True,27,697,False,64,2009,2024
31-03-2014,343,False,127,370,True,26,797,False,46,2009,2024
17-03-2014,348,False,126,404,True,18,799,False,46,2009,2024
03-03-2014,350,False,124,390,True,16,993,False,28,2009,2024
24-02-2014,351,False,124,364,True,16,998,False,28,2009,2024
17-02-2014,348,False,124,339,True,16,997,False,28,2009,2024
10-02-2014,345,False,124,321,True,16,997,False,28,2009,2024
03-02-2014,349,False,124,293,True,16,992,False,28,2009,2024
27-01-2014,351,False,124,267,True,16,989,False,28,2009,2024
13-01-2014,348,False,124,201,True,16,983,False,28,2009,2024
06-01-2014,349,False,124,183,True,16,984,False,28,2009,2024
30-12-2013,348,False,124,124,True,16,982,False,28,2009,2024
23-12-2013,348,False,124,121,True,16,984,False,28,2009,2024
16-12-2013,348,False,124,111,True,16,980,False,28,2009,2024
09-12-2013,347,False,124,97,True,16,980,False,28,2009,2024
02-12-2013,346,False,124,80,True,16,975,False,28,2009,2024
25-11-2013,364,False,114,154,True,6,971,True,28,2009,2024
18-11-2013,377,False,108,0,False,0,973,False,28,2009,2024
11-11-2013,374,False,108,373,True,108,975,False,28,2009,2024
04-11-2013,375,False,108,369,True,108,984,False,28,2009,2024
28-10-2013,374,False,108,361,True,108,986,False,28,2009,2024
21-10-2013,387,False,102,371,True,102,987,False,28,2009,2024
14-10-2013,388,False,102,365,True,102,977,False,28,2009,2024
07-10-2013,382,False,102,355,True,102,976,False,28,2009,2024
30-09-2013,379,False,102,348,True,102,887,False,34,2009,2024
23-09-2013,380,False,102,339,True,102,893,False,34,2009,2024
16-09-2013,377,False,103,332,True,102,890,False,34,2009,2024
09-09-2013,377,False,104,324,True,102,888,False,34,2009,2024
26-08-2013,329,False,127,309,True,102,813,False,42,2009,2024
19-08-2013,330,False,127,305,True,102,805,False,42,2009,2024
12-08-2013,347,False,114,318,True,89,794,False,42,2009,2024
05-08-2013,351,False,113,315,True,88,787,False,42,2009,2024
29-07-2013,358,False,109,326,True,78,783,False,42,2009,2024
22-07-2013,359,False,110,317,True,78,743,False,48,2009,2024
15-07-2013,382,False,101,351,True,63,741,False,48,2009,2024
08-07-2013,383,False,101,340,True,63,741,False,48,2009,2024
24-06-2013,387,False,99,325,True,61,833,False,38,2009,2024
17-06-2013,467,False,72,445,True,34,831,False,38,2009,2024
10-06-2013,462,False,72,433,True,34,835,True,38,2009,2024
27-05-2013,498,False,64,474,True,25,825,True,38,2009,2024
20-05-2013,517,False,58,512,True,19,820,True,38,2009,2024
13-05-2013,560,False,48,634,True,9,805,False,38,2009,2024
06-05-2013,554,False,48,601,True,9,799,False,38,2009,2024
29-04-2013,554,False,47,599,True,8,800,False,38,2009,2024
22-04-2013,560,False,46,608,True,7,1005,False,20,2009,2024
15-04-2013,567,False,45,618,True,6,1004,True,20,2009,2024
08-04-2013,564,False,45,598,True,6,1006,False,20,2009,2024
01-04-2013,557,False,46,578,True,6,1002,False,20,2009,2024
18-03-2013,598,False,40,0,False,0,1007,False,20,2009,2024
04-03-2013,595,False,41,0,False,0,1008,False,20,2009,2024
25-02-2013,595,False,41,0,False,0,1011,False,20,2009,2024
18-02-2013,598,False,41,0,False,0,1016,False,20,2009,2024
11-02-2013,599,False,41,0,False,0,1019,False,20,2009,2024
04-02-2013,597,False,41,0,False,0,1020,False,20,2009,2024
28-01-2013,600,False,41,0,False,0,1030,False,20,2009,2024
14-01-2013,602,False,41,0,False,0,1034,False,20,2009,2024
07-01-2013,602,False,41,0,False,0,1034,False,20,2009,2024
31-12-2012,602,False,41,0,False,0,1032,False,20,2009,2024
24-12-2012,601,False,41,0,False,0,1031,False,20,2009,2024
17-12-2012,601,False,41,0,False,0,1029,False,20,2009,2024
10-12-2012,596,False,41,0,False,0,1028,False,20,2009,2024
03-12-2012,599,False,41,0,False,0,1028,False,20,2009,2024
26-11-2012,597,False,41,0,False,0,1025,False,20,2009,2024
19-11-2012,598,False,41,0,False,0,1029,False,20,2009,2024
12-11-2012,603,False,41,592,True,41,1028,False,20,2009,2024
05-11-2012,596,False,41,579,True,41,1032,False,20,2009,2024
29-10-2012,595,False,41,569,True,41,1036,False,20,2009,2024
22-10-2012,593,False,41,563,True,41,1037,False,20,2009,2024
15-10-2012,591,False,41,559,True,41,1037,False,20,2009,2024
08-10-2012,576,False,43,556,True,41,1033,False,20,2009,2024
01-10-2012,579,False,43,551,True,41,1202,True,14,2009,2024
24-09-2012,581,False,44,543,True,41,1207,False,14,2009,2024
17-09-2012,587,False,43,541,True,40,1213,False,14,2009,2024
10-09-2012,585,False,42,534,True,39,1211,True,14,2009,2024
27-08-2012,794,False,19,711,True,16,1618,True,6,2009,2024
20-08-2012,789,False,19,694,True,16,1619,True,6,2009,2024
13-08-2012,790,False,19,684,True,16,1619,True,6,2009,2024
06-08-2012,790,False,19,672,True,16,1616,True,6,2009,2024
30-07-2012,870,False,13,760,True,10,1610,True,6,2009,2024
23-07-2012,880,False,12,762,True,9,0,False,0,2009,2024
16-07-2012,1070,True,6,976,True,3,0,False,0,2009,2024
09-07-2012,1075,True,6,950,True,3,0,False,0,2009,2024
25-06-2012,1073,True,6,903,True,3,0,False,0,2009,2024
18-06-2012,1060,False,6,881,True,3,0,False,0,2009,2024
11-06-2012,1065,False,6,866,True,3,0,False,0,2009,2024
28-05-2012,1135,True,5,922,True,2,0,False,0,2009,2024
21-05-2012,1127,True,5,899,True,2,0,False,0,2009,2024
14-05-2012,1131,False,5,876,True,2,0,False,0,2009,2024
07-05-2012,1127,False,5,850,True,2,0,False,0,2009,2024
30-04-2012,1130,True,5,833,True,2,0,False,0,2009,2024
23-04-2012,1122,True,5,805,True,2,0,False,0,2009,2024
16-04-2012,1120,True,5,786,True,2,0,False,0,2009,2024
09-04-2012,1120,True,5,765,True,2,0,False,0,2009,2024
02-04-2012,1168,True,4,810,True,1,0,False,0,2009,2024
19-03-2012,1161,True,4,742,True,1,0,False,0,2009,2024
05-03-2012,1238,True,3,0,False,0,0,False,0,2009,2024
27-02-2012,1239,True,3,0,False,0,0,False,0,2009,2024
20-02-2012,1239,True,3,0,False,0,0,False,0,2009,2024
13-02-2012,1242,True,3,0,False,0,0,False,0,2009,2024
06-02-2012,1243,True,3,0,False,0,0,False,0,2009,2024
30-01-2012,1241,True,3,0,False,0,0,False,0,2009,2024
16-01-2012,1248,True,3,0,False,0,0,False,0,2009,2024
09-01-2012,1247,True,3,0,False,0,0,False,0,2009,2024
02-01-2012,1247,True,3,0,False,0,0,False,0,2009,2024
26-12-2011,1246,True,3,0,False,0,0,False,0,2009,2024
19-12-2011,1249,True,3,0,False,0,0,False,0,2009,2024
12-12-2011,1248,True,3,0,False,0,0,False,0,2009,2024
05-12-2011,1250,True,3,0,False,0,0,False,0,2009,2024
28-11-2011,1258,True,3,1258,True,3,0,False,0,2009,2024
21-11-2011,1253,True,3,1245,True,3,0,False,0,2009,2024
14-11-2011,1246,True,3,1232,True,3,0,False,0,2009,2024
07-11-2011,1244,True,3,1197,True,3,0,False,0,2009,2024
31-10-2011,1244,True,3,1182,True,3,0,False,0,2009,2024
24-10-2011,1248,True,3,1176,True,3,0,False,0,2009,2024
17-10-2011,1256,True,3,1164,True,3,0,False,0,2009,2024
10-10-2011,1747,True,1,1432,True,1,0,False,0,2009,2024
03-10-2011,1747,True,1,1416,True,1,0,False,0,2009,2024
26-09-2011,0,False,0,0,False,0,0,False,0,2009,2024
19-09-2011,0,False,0,0,False,0,0,False,0,2009,2024
12-09-2011,0,False,0,0,False,0,0,False,0,2009,2024
29-08-2011,0,False,0,0,False,0,0,False,0,2009,2024
22-08-2011,0,False,0,0,False,0,0,False,0,2009,2024
15-08-2011,0,False,0,0,False,0,0,False,0,2009,2024
08-08-2011,0,False,0,0,False,0,0,False,0,2009,2024
01-08-2011,0,False,0,0,False,0,0,False,0,2009,2024
25-07-2011,0,False,0,0,False,0,0,False,0,2009,2024
18-07-2011,0,False,0,0,False,0,0,False,0,2009,2024
11-07-2011,0,False,0,0,False,0,0,False,0,2009,2024
04-07-2011,0,False,0,0,False,0,0,False,0,2009,2024
20-06-2011,0,False,0,0,False,0,0,False,0,2009,2024
13-06-2011,0,False,0,0,False,0,0,False,0,2009,2024
06-06-2011,0,False,0,0,False,0,0,False,0,2009,2024
23-05-2011,0,False,0,0,False,0,0,False,0,2009,2024
16-05-2011,0,False,0,0,False,0,0,False,0,2009,2024
09-05-2011,0,False,0,0,False,0,0,False,0,2009,2024
02-05-2011,0,False,0,0,False,0,0,False,0,2009,2024
25-04-2011,0,False,0,0,False,0,0,False,0,2009,2024
18-04-2011,0,False,0,0,False,0,0,False,0,2009,2024
11-04-2011,0,False,0,0,False,0,0,False,0,2009,2024
04-04-2011,0,False,0,0,False,0,0,False,0,2009,2024
21-03-2011,0,False,0,0,False,0,0,False,0,2009,2024
07-03-2011,0,False,0,0,False,0,0,False,0,2009,2024
28-02-2011,0,False,0,0,False,0,0,False,0,2009,2024
21-02-2011,0,False,0,0,False,0,0,False,0,2009,2024
14-02-2011,0,False,0,0,False,0,0,False,0,2009,2024
07-02-2011,0,False,0,0,False,0,0,False,0,2009,2024
31-01-2011,0,False,0,0,False,0,0,False,0,2009,2024
17-01-2011,0,False,0,0,False,0,0,False,0,2009,2024
10-01-2011,0,False,0,0,False,0,0,False,0,2009,2024
03-01-2011,0,False,0,0,False,0,0,False,0,2009,2024
27-12-2010,0,False,0,0,False,0,0,False,0,2009,2024
20-12-2010,0,False,0,0,False,0,0,False,0,2009,2024
13-12-2010,0,False,0,0,False,0,0,False,0,2009,2024
06-12-2010,0,False,0,0,False,0,0,False,0,2009,2024
29-11-2010,0,False,0,0,False,0,0,False,0,2009,2024
22-11-2010,0,False,0,0,False,0,0,False,0,2009,2024
15-11-2010,0,False,0,0,False,0,0,False,0,2009,2024
08-11-2010,0,False,0,0,False,0,0,False,0,2009,2024
01-11-2010,0,False,0,0,False,0,0,False,0,2009,2024
25-10-2010,0,False,0,0,False,0,0,False,0,2009,2024
18-10-2010,0,False,0,0,False,0,0,False,0,2009,2024
11-10-2010,0,False,0,0,False,0,0,False,0,2009,2024
04-10-2010,0,False,0,0,False,0,0,False,0,2009,2024
27-09-2010,0,False,0,0,False,0,0,False,0,2009,2024
20-09-2010,0,False,0,0,False,0,0,False,0,2009,2024
13-09-2010,0,False,0,0,False,0,0,False,0,2009,2024
06-09-2010,0,False,0,0,False,0,0,False,0,2009,2024
30-08-2010,0,False,0,0,False,0,0,False,0,2009,2024
23-08-2010,0,False,0,0,False,0,0,False,0,2009,2024
16-08-2010,0,False,0,0,False,0,0,False,0,2009,2024
09-08-2010,0,False,0,0,False,0,0,False,0,2009,2024
02-08-2010,0,False,0,0,False,0,0,False,0,2009,2024
26-07-2010,0,False,0,0,False,0,0,False,0,2009,2024
19-07-2010,0,False,0,0,False,0,0,False,0,2009,2024
12-07-2010,0,False,0,0,False,0,0,False,0,2009,2024
05-07-2010,0,False,0,0,False,0,0,False,0,2009,2024
28-06-2010,0,False,0,0,False,0,0,False,0,2009,2024
21-06-2010,0,False,0,0,False,0,0,False,0,2009,2024
14-06-2010,0,False,0,0,False,0,0,False,0,2009,2024
07-06-2010,0,False,0,0,False,0,0,False,0,2009,2024
31-05-2010,0,False,0,0,False,0,0,False,0,2009,2024
24-05-2010,0,False,0,0,False,0,0,False,0,2009,2024
17-05-2010,0,False,0,0,False,0,0,False,0,2009,2024
10-05-2010,0,False,0,0,False,0,0,False,0,2009,2024
03-05-2010,0,False,0,0,False,0,0,False,0,2009,2024
26-04-2010,0,False,0,0,False,0,0,False,0,2009,2024
19-04-2010,0,False,0,0,False,0,0,False,0,2009,2024
12-04-2010,0,False,0,0,False,0,0,False,0,2009,2024
05-04-2010,0,False,0,0,False,0,0,False,0,2009,2024
29-03-2010,0,False,0,0,False,0,0,False,0,2009,2024
22-03-2010,0,False,0,0,False,0,0,False,0,2009,2024
15-03-2010,0,False,0,0,False,0,0,False,0,2009,2024
08-03-2010,0,False,0,0,False,0,0,False,0,2009,2024
01-03-2010,0,False,0,0,False,0,0,False,0,2009,2024
22-02-2010,0,False,0,0,False,0,0,False,0,2009,2024
15-02-2010,0,False,0,0,False,0,0,False,0,2009,2024
08-02-2010,0,False,0,0,False,0,0,False,0,2009,2024
01-02-2010,0,False,0,0,False,0,0,False,0,2009,2024
25-01-2010,0,False,0,0,False,0,0,False,0,2009,2024
18-01-2010,0,False,0,0,False,0,0,False,0,2009,2024
11-01-2010,0,False,0,0,False,0,0,False,0,2009,2024
04-01-2010,0,False,0,0,False,0,0,False,0,2009,2024
28-12-2009,0,False,0,0,False,0,0,False,0,2009,2024
21-12-2009,0,False,0,0,False,0,0,False,0,2009,2024
14-12-2009,0,False,0,0,False,0,0,False,0,2009,2024
07-12-2009,0,False,0,0,False,0,0,False,0,2009,2024
30-11-2009,0,False,0,0,False,0,0,False,0,2009,2024
23-11-2009,0,False,0,0,False,0,0,False,0,2009,2024
16-11-2009,0,False,0,0,False,0,0,False,0,2009,2024
09-11-2009,0,False,0,0,False,0,0,False,0,2009,2024
02-11-2009,0,False,0,0,False,0,0,False,0,2009,2024
26-10-2009,0,False,0,0,False,0,0,False,0,2009,2024
19-10-2009,0,False,0,0,False,0,0,False,0,2009,2024
12-10-2009,0,False,0,0,False,0,0,False,0,2009,2024
05-10-2009,0,False,0,0,False,0,0,False,0,2009,2024
28-09-2009,0,False,0,0,False,0,0,False,0,2009,2024
21-09-2009,0,False,0,0,False,0,0,False,0,2009,2024
14-09-2009,0,False,0,0,False,0,0,False,0,2009,2024
07-09-2009,0,False,0,0,False,0,0,False,0,2009,2024
31-08-2009,0,False,0,0,False,0,0,False,0,2009,2024
24-08-2009,0,False,0,0,False,0,0,False,0,2009,2024
17-08-2009,0,False,0,0,False,0,0,False,0,2009,2024
10-08-2009,0,False,0,0,False,0,0,False,0,2009,2024
03-08-2009,0,False,0,0,False,0,0,False,0,2009,2024
27-07-2009,0,False,0,0,False,0,0,False,0,2009,2024
20-07-2009,0,False,0,0,False,0,0,False,0,2009,2024
13-07-2009,0,False,0,0,False,0,0,False,0,2009,2024
06-07-2009,0,False,0,0,False,0,0,False,0,2009,2024
29-06-2009,0,False,0,0,False,0,0,False,0,2009,2024
22-06-2009,0,False,0,0,False,0,0,False,0,2009,2024
15-06-2009,0,False,0,0,False,0,0,False,0,2009,2024
08-06-2009,0,False,0,0,False,0,0,False,0,2009,2024
01-06-2009,0,False,0,0,False,0,0,False,0,2009,2024
25-05-2009,0,False,0,0,False,0,0,False,0,2009,2024
18-05-2009,0,False,0,0,False,0,0,False,0,2009,2024
11-05-2009,0,False,0,0,False,0,0,False,0,2009,2024
04-05-2009,0,False,0,0,False,0,0,False,0,2009,2024
27-04-2009,0,False,0,0,False,0,0,False,0,2009,2024
20-04-2009,0,False,0,0,False,0,0,False,0,2009,2024
13-04-2009,0,False,0,0,False,0,0,False,0,2009,2024
06-04-2009,0,False,0,0,False,0,0,False,0,2009,2024
30-03-2009,0,False,0,0,False,0,0,False,0,2009,2024
23-03-2009,0,False,0,0,False,0,0,False,0,2009,2024
